{"rpm_window": [1778446726.4271538, 1778446743.9207487, 1778446758.0059032, 1778446774.649379], "day_start": 1778371200, "day_count": 207}