{"rpm_window": [1778499286.7848067, 1778499301.360237, 1778499313.224252, 1778499325.3287833, 1778499336.4930232], "day_start": 1778457600, "day_count": 885}